日付,ライブタイトル,会場名
2024-02-04,Gathering together Vol.3,心斎橋CLAPPER
2024-02-04,AN Fès,心斎橋SUNHALL
2024-02-04,澄野葵生誕祭2024,心斎橋CLAPPER
2024-02-06,〜店長ミブが作曲した人集めまシタ〜vol.2,FANJ twice
2024-02-07,chemical reaction Vol.16,心斎橋VARON
2024-02-09,NO MUSIC. NOぴえん！VOL3 -BIRTHDAYPARTY-冬の歌姫祭-,アメリカ村DROP
2024-02-10,Straight up ,難波Mele
2024-02-11,為虎傅翼ーイコフヨクー 無銭ツアー in Osaka,日本橋Pollux theater
2024-02-12,iDOL-fusion,難波mele
2024-02-14,NiL 主催 TOUR2024 いわおえりか生誕祭,神戸太陽と虎
2024-02-18,AIMING,心斎橋FANJ
2024-02-20,husky confront the grow up,心斎橋VARON
2024-02-22,SNAZZY TUNES×ファミメ！pre.Operation iD,上野音横丁
2024-02-23,SLAPONTHEBACK vol.6-DAY-,目黒鹿鳴館
2024-02-23,SLAPONTHEBACK vol.6-NIGHT-,目黒鹿鳴館
2024-02-24,為虎傅翼ーイコフヨクー 無銭ツアー in Tokyo,新宿HEIST
2024-02-24,YOSHINAGA GIANTS v.s KANEKO LIONS,Shinjuku HEIST
2024-02-25,PEPE FES vol.44,目黒鹿鳴館
2024-02-25,バブルバビデガム!!リリース主催,池袋SOUND PEACE
2024-02-27,chemical reaction Vol.17,心斎橋VARON
2024-02-28,THE ROCK iS IMPULSE / OSAKA,心斎橋VARON
2024-03-01,BAND×IDOL,LIVE HOUSE OPs
2024-03-02,為虎傅翼ーイコフヨクー 無銭ツアー in Fukuoka,
2024-03-02,FROM06,The voodoo lounge
2024-03-03,NiL TOUR 2024 in FUKUOKA,大名Queblick
2024-03-06,おちゃメンタル☆パーティー大阪定期公演 Vol.111,CDCBOX
2024-03-07,chemical reaction Vol.18,心斎橋VARON
2024-03-09,HIMEJI SOUND BOX Vol.66,姫路駅北にぎわい交流広
2024-03-10,IDOORLOVES -SPRING TOUR 2024- 大阪編,心斎橋ANIMA
2024-03-10,AbsoFest,アメリカ村BEYOND
2024-03-12,NiL定期公演SP オーサカヤングガン,心斎橋VARON
2024-03-14,シンデレラ裁判　Vol2,心斎橋VARON
2024-03-15,CR MECHAPOP,アメリカ村BEYOND
2024-03-16,miniちかっぱ祭ver.9.0 in OSAKA,CCO クリエイティブセンター大阪
2024-03-16,OMG tour 2024〜jesus〜,梅田zeela
2024-03-17,miniちかっぱ祭ver.9.0 in OSAKA,CCO クリエイティブセンター大阪
2024-03-20,桃太郎フェス,鬼ヶ島ステージ 特設屋内ステージ
2024-03-20,推せ推せムーブメントin岡山,CRAZY MAMA KINGDOM
2024-03-23,為虎傅翼ーイコフヨクー 無銭ツアー in Okayama,Livestage Ark
2024-03-23,husky GIG in Okayama,Livestage Ark
2024-03-24,為虎傅翼ーイコフヨクー 無銭ツアー in Hiroshima,広島ピースカフェ
2024-03-24,husky GIG in Hiroshima,広島ピースカフェ
2024-03-26,Gathering together Vol.3.5,心斎橋VARON
2024-03-28,chemical reaction Vol.19,心斎橋VARON
2024-03-30,Gathering together Vol.4,新宿HEIST
2024-03-30,Serenade-NIGHT-,SHBUYA DIVE
2024-03-31,「Beautiful Harmony」,白金高輪SELENE b2
2024-03-31,エキセントリックトーキョー,SHIBUYA CLUB QUATTRO
2024-04-01,AFTER DARK,SHBUYA DIVE
2024-04-04,シンデレラ裁判　Vol.3,心斎橋VARON ⏰開場：18:00開演：18:30💰前売：￥2000　当日：￥2500
2024-04-06,ぱんどらみみっく,難波mele
2024-04-06,キグルイフェス 2024,アメリカ村BEYOND
2024-04-07,IDOL-fusion,長堀橋WAXX
2024-04-10,chemical reaction Vol.20,心斎橋VARON
2024-04-13,為虎傅翼ーイコフヨクー 無銭ツアー in Nagoya,鶴舞DAYTRIP
2024-04-13,husky GIG in Nagoya,鶴舞DAYTRIP
2024-04-14,柳ヶ瀬日ノ出町より元気を発信！,日ノ出町商店街
2024-04-16,らららんど,BANANA HALL
2024-04-18,NiL TOUR 2024 OSAKA SEMIFINAL,心斎橋BIGCAT
2024-04-20,推し事.HepLive,HEP HALL
2024-04-21,IDOL PARADISE番外編,高松=Heaven
2024-04-22,STARZ AWAKE 008,OSAKA RUIDO
2024-04-25,chemical reaction Vol.21,心斎橋VARON
2024-04-26,TOKYO IDOL MONSTERS 9#ドルモン-PREMIUM THE 4MAN SHOW-,SHIBUYA THE GAME
2024-04-27,エキセントリックトーキョー,代官山SpaceODD
2024-04-28,Killer Tune SHIBUYA 2024 Vol.46,SHIBUYA CYCLONE
2024-04-28,神田地下界隈-KANDA UNDER GROUND SCENE-SCENE4<指令:爆音ヲ堪能シ共に乾杯セヨ>,神田F#
2024-04-29,CHEMICAL Labo vol.15,下北沢LIVEHOLIC
2024-04-29,ANIMAL STORM TOUR 2024 東京編,Shibuya Milkyway
2024-05-01,風神雷神杯,心斎橋VARON
2024-05-03,シンデレラ裁判　GW SP!　2,福島2nd LINE
2024-05-04,GEM JAM GW CIRCUIT！,アメリカ村DROP & BEYOND
2024-05-05,為虎傅翼ーイコフヨクー 無銭ツアー in Osaka FINAL,心斎橋VARON
2024-05-06,AIMING 1st Anniversary,アメリカ村BEYOND
2024-05-06,GEM JAM FES！,FANJ twice
2024-05-08,chemical reaction Vol.22,心斎橋VARON
2024-05-11,ガラチア主催ワルプルギス⑦,西九条BRAND NEW
2024-05-12,日本橋ストリートフェスタ2024,難波mele
2024-05-13,MONSARN baSH 2024,CLAPPER
2024-05-15,白昼夢vol.3 DAY2,
2024-05-18,JAPAN FESTIVAL VOL.5•VOL.6〜iDOL♡SELECTION,渋谷ストリームホール
2024-05-19,¥enもゆかりもない2man〜まともな共演経験もない私達がどうして!?〜,渋谷CHELSEA HOTEL
2024-05-19,屋根裏 vol.15,新高円寺LOFTX
2024-05-19,緊急開催！にっぽんワチャチャ×husky 2マンライブ,
2024-05-21,Buzzer01&. VS husky -2MAN LIVE-,西九条BLAND-NEW
2024-05-22,アイドル無双 ～日本ダービー直前！競馬女子スペシャル！～,肥後橋・アワーズルーム
2024-05-23,chemical reaction Vol.23,心斎橋VARON
2024-05-25,音楽食べちゃいましたvol.73,Yogibo HOLY MOUNTAIN
2024-05-25,Kick ass GIG,FANJ twice
2024-05-26,そよら古川橋駅前アイドルフェス,イオン古川橋
2024-05-28,タイトル:シンデレラ裁判　Vol.4,心斎橋VARON
2024-05-29,SPIRSE pre. exposure,NUMBER GATE
2024-06-01,Killer Tune SHIBUYA Special!!,THE GAME
2024-06-01,ドグマエッジ,池袋SOUNDPEACE
2024-06-02,GEKIROCK CLOTHING PresentsWEAR THE MUSIC,渋谷WOMB
2024-06-02,ドグマエッジ,池袋SOUNDPEACE
2024-06-05,Stomp The Distance vol.18 -PASTIME LIVING DEAD & FOR MY SELF RELEASE TOUR-,心斎橋VARON
2024-06-06,設定6革命！,心斎橋VARON
2024-06-08,パピムズFES2024,下北沢CLUB251
2024-06-08,緊急開催!!メルクマールメルマール×husky PASSING POINT 2MAN,四谷LOTUS
2024-06-09,mistFES2024,RAD HALL
2024-06-11,chemical reaction Vol.24,心斎橋VARON
2024-06-12,1+1＝,難波Mele
2024-06-13,ガラチア主催ワルプルギス⑩,大阪RUIDO
2024-06-16,chemical reaction  梅雨ぶっ飛ばす編,心斎橋SUN HALL
2024-06-16,メルクマールメルマール主催,寺田町FireLoop
2024-06-17,アイドル好きで何がわるい,アメリカ村DROP
2024-06-21,おにぎりフェスティバル,フェアリーテイルズ大阪
2024-06-22,時の扉,qupe
2024-06-22,huskyミニライブ&特典会,Like an Edison大阪店
2024-06-22,AIMING,#G8 ナンバーゲート
2024-06-23,推し事.SuperLive大阪,ROCKTOWN
2024-06-27,chemical reaction Vol.25,心斎橋VARON
2024-06-29,SPRISE Pre NEO TRIP,TEMPO HARBOR THEATER
2024-06-30,スイ・ラム生誕祭,Yogibo HOLY MOUNTAIN
2024-07-01,husky×おちゃメンタル☆パーティー ツーマンライブ,CDCBOX
2024-07-02,RIZZNACC #2,アメリカ村DROP
2024-07-03,決戦 X 0824！ 決起会SP,心斎橋VARON
2024-07-07,Growing up! vol.1,心斎橋SOMA
2024-07-07,GRAPE FRUIT NANDEYANEN <NIGHT>,心斎橋CONPASS
2024-07-08,アイドル好きで何がわるい circuit,NUMBER GATE
2024-07-09,chemical reaction Vol.26,心斎橋VARON
2024-07-11,RIBIAID,心斎橋SUNHALL
2024-07-12,メルクマールメルマール主催,HOLYDAY SHINJUKU
2024-07-13,東京激ロックDJパーティー EDGE-CRUSHER Vol.186,LIVEHOLIC
2024-07-14,シン・盟友戦線 -戦極×husky-,池袋SOUND PEACE
2024-07-14,SHINJUKU PANDAEMONIUM,新宿アイドルステージ
2024-07-15,為虎傅翼ーイコフヨクー東京公演,新宿HEIST
2024-07-15,屋根裏 vol.18,新高円寺LOFTX
2024-07-18,husky confront the grow up Vol.3,心斎橋VARON
2024-07-19,Red Death Chocolate Rampage,アメ村ANIMA
2024-07-20,COMRIZEDREAM TOUR FUKUOKA,BEAT STATION
2024-07-20,FROM81 DAY1,graf
2024-07-21,BTBR-GIG,BEAT STATION
2024-07-21,FROM81 DAY2,graf
2024-07-23,女魂エモーション,心斎橋CLAPPER
2024-07-25,chemical reaction Vol.27,心斎橋VARON
2024-07-27,IDOORLOVES -SUMMER TOUR 2024- 大阪編,心斎橋ANIMA
2024-07-27,天女神樂酒呑紫 生誕祭2024,心斎橋SOMA
2024-07-28,PIEN presents PassAge Point in NAGOYA Vol.1,新栄バーニーズ
2024-07-28,IDOORLOVES -SUMMER TOUR 2024- 名古屋編,新栄シャングリラ
2024-07-30,シンデレラ裁判　のあ生誕祭,心斎橋VARON
2024-07-31,chemical reaction Vol.28,梅田zeela
2024-08-02,為虎傅翼ーイコフヨクー husky6周年 パーチー,心斎橋VARON
2024-08-03,ON NANO CALL,心斎橋 Music Club JANUS
2024-08-04,シンデレラ裁判　Summer,西九条ブランニュー
2024-08-06,chemical reaction Vol.29,心斎橋VARON
2024-08-06,huskyインストアイベント,心斎橋 BIG STEP 大階段イベントスペース
2024-08-07,「乱」,Fanj twice
2024-08-09,UZMK PRESENTS,アメリカ村DROP
2024-08-10,husky のどか Birthday Live2024,心斎橋VARON
2024-08-10,大阪症候群,心斎橋CLAPPER
2024-08-11,ガラチア主催ワルプルギス(19),CLAPPER
2024-08-11,推し事.LiveDX,GRAFFY HALL
2024-08-12,風神・雷神　Summer vacation,福島2nd LINE
2024-08-15,AFTER DARK FEST,BIGCAT
2024-08-17,ガラチア主催ワルプルギス(20),西九条BLAND NEW
2024-08-17,SPRISE Pre NEO TRIP SUN,TEMPO HARBOR THEATER
2024-08-18,NEW AGE -OSAKA EMPIRE-,BIG CAT
2024-08-19,おおさかともだちなかよし,大阪CONPASS
2024-08-21,心斎橋VARON presents. Day Dreamer -4th night-,心斎橋VARON
2024-08-22,chemical reaction Vol.30,心斎橋VARON
2024-08-24,husky史上最大キャパシティ,GORILLA HALL OSAKA
2024-08-25,ゴリホワンマン後夜祭,西九条BLAND NEW
2024-08-28,シンデレラ裁判　Vol,5,心斎橋VARON
2024-08-31,川西愛菜 生誕祭,心斎橋Fanj twice
2024-09-01,推せ推せツアー東名阪 in大阪,梅田BANGBOO
2024-09-01,SUPER HYPER 2024 Summer,ANIMA
2024-09-03,DOLL ON TOP -心斎橋VARON 12th Anniversary-,心斎橋VARON
2024-09-05,「アイドル甲子園」,BIGCAT
2024-09-07,UP-T presents かがやきフェス2024,金沢AZ
2024-09-08,UP-T presents かがやきフェス2024,GOLD CREEK
2024-09-10,mistress presents「So long.」,梅田BananaHall
2024-09-11,husky confront the grow up Vol.4,心斎橋VARON
2024-09-14,ADDICT,神戸 太陽と虎
2024-09-15,深海の雨音 vol.20 -SPECIAL-,新高円寺LOFTX
2024-09-15,Fourty Five Donuts vol.2,新高円寺LOFTX
2024-09-16,IDOL FILE PRESENTS,四谷LOTUS
2024-09-16,DDDDiscovery iDol Depot,白金高輪SELENE b2
2024-09-19,chemical reaction Vol.31,心斎橋VARON
2024-09-20,BATTLE AROUND TOUR,神戸太陽と虎
2024-09-21,N.W.H.C.I vol.1,心斎橋VARON
2024-09-21,レゼル祭　リンゼ生誕前夜祭SP,心斎橋BEYOND
2024-09-22,シンデレラ裁判　リンゼ生誕祭SP,梅田 BANGBOO
2024-09-23,風神雷神　Liveの秋編,心斎橋VARON
2024-09-24,frecia ／ husky　2manインストア,ヨドバシカメラ マルチメディア梅田2階Links 広場
2024-09-26,chemical reaction Vol.32,心斎橋VARON
2024-09-28,BEARCLOW 零式 Chapter 01,梅田 BANGBOO
2024-09-29,GEM JAM FES！,FANJ twice
2024-10-01,husky 空良　生誕祭,心斎橋VARON
2024-10-05,渋谷でHASYAGE!!!!,duo MUSIC EXCHANGE
2024-10-05,Shinjuku HEIST 3rd Anniversary!!,Shinjuku HEIST
2024-10-06,為虎傅翼ーイコフヨクー　東京公演,新宿HEIST
2024-10-06,Fun!Fun!Fun!,青山RizM
2024-10-08,chemical reaction Vol.32,心斎橋VARON
2024-10-10,LAST birthday@ ガト生誕祭,アメリカ村BEYOND
2024-10-10,沖田彩華生誕祭〜一夜限りのシンデレラ,アメ村DROP
2024-10-11,SUNHALL presents.,SUNHALL
2024-10-12,BANGS POP UP STORE,ADDICT GALLERY
2024-10-12,リリイベ,ヨドバシカメラマルチメディア梅田B2F
2024-10-13,大阪造船所跡地音楽祭2024,名村造船所跡地(クリエイティブセンター大阪)
2024-10-14,｢姫路城下町アイドルフェスティバル｣,姫路駅北口駅前賑わい交流広場
2024-10-15,リリイベ,ヨドバシカメラマルチメディア梅田2F Links広場
2024-10-17,すごいバンド名にしたかった。7thあにばーさりーつあー,神戸 太陽と虎
2024-10-19,「UPPERCUT お披露目ライブ」,広島 ピースカフェ
2024-10-19,超SOUNDRIVE in SIX ONE,SIX ONE Live STAR
2024-10-20,｢ID COMPASS｣,YEBISU YA PRO
2024-10-22,Happy lovery Time,YOGIBO META VALLEY
2024-10-24,chemical reaction Vol.33,心斎橋VARON
2024-10-26,Le☆miel 6周年記念全国ツアー,LIVE HOUSE Rumio
2024-10-27,大阪造船所アイドルフェス,CCO クリエイティブセンター
2024-10-27,リリイベ,ヨドバシカメラマルチメディア梅田2F Links広場
2024-10-29,リリイベ,ヨドバシカメラマルチメディア梅田B2F
2024-10-30,ちくわﾁｬﾝ生誕祭ﾃﾞｽ,心斎橋VARON
2024-10-31,｢GORILLAZUN｣ DJ空良&ちくわ,GORILLA HALL OSAKA
2024-11-01,FREEEEEEESTYLE vol.8,FANJ twice
2024-11-03,FAVE ZONE,ヨドバシカメラマルチメディア梅田 Links広場2階
2024-11-03,EXEEEEED-OSAKA-,アメリカ村DROP
2024-11-04,SAKAI ASSAUL vol.5,堺東 Goith
2024-11-05,リリイベ,ヨドバシカメラマルチメディア梅田B2F
2024-11-07,chemical reaction Vol.34,心斎橋VARON
2024-11-09,ANTI KING,池袋SOUNDPEACE
2024-11-09,アイクル シモキタザワ 本祭,下北沢 ERA
2024-11-10,リリイベ,タワレコ渋谷 B1CUTUP STUDIO
2024-11-12,frecia ／ husky　2manインストア,ヨドバシカメラ マルチメディア梅田2階Links 広場
2024-11-13,chemical reaction Vol.35,心斎橋VARON
2024-11-16,リリイベ,  HMV&BOOKS HAKATA
2024-11-16,「YABAFUKU FES」,The Voodoo Lounge
2024-11-16,BTBR 7TH PARTY,The voodoo lounge
2024-11-17,BTBR 7TH CIRCUIT「Thank you」,LIVE HOUSE CB
2024-11-19,chemical reaction Vol.36,心斎橋VARON
2024-11-21,リリイベ,HMV&BOOKS SHINSAIBASHI
2024-11-23,｢しょんべんフェス｣,十三246GABU
2024-11-23,Synchro Sensation,福島2nd line
2024-11-24,SOUNDGARDEN2024,DIVA
2024-11-24,ライブ！ライブ！ライブ！,Dt.BLD 3F
2024-11-26,シンデレラ裁判,心斎橋VARON
2024-11-28,キリキリチャンスvol.34,心斎橋新神楽
2024-11-30,おちゃメンタル☆パーティー　山川さくら誕生祭2024 さくらの至幸3マン,CDCBOX
2024-12-01,MONSTER GIRLS POOL in 2024,アメリカ村DROP / 心斎橋BEYOND公演
2024-12-03,リリイベ,ヨドバシカメラマルチメディア梅田B2F
2024-12-04,chemical reaction Vol.37,心斎橋VARON
2024-12-07,MISA BIRTHDAY PRE FESTIVAL,NUMBER GATE
2024-12-07,「大阪でHASYAGE!!!!」,Pangea
2024-12-08,「名古屋でHASYAGE!!!!」,今池3STAR
2024-12-10,リリイベ,ヨドバシカメラマルチメディア梅田B2F
2024-12-12,chemical reaction Vol.38,心斎橋VARON
2024-12-13,Blow up BombVol.3,Shibuya Milky way
2024-12-14,為虎傅翼ーイコフヨクー　東京公演,新宿HEIST
2024-12-14,リリイベ,有明ガーデンテラス
2024-12-15,NEW AGE YAON,日比谷公園大音楽堂
2024-12-17,husky confront the grow up Vol.4,心斎橋VARON
2024-12-21,BEARCLOW 零式　Chapter 02,心斎橋BEYOND
2024-12-21,レゼル祭　年末感謝祭SP,心斎橋BEYOND
2024-12-22,リリイベ,ヨドバシカメラマルチメディア梅田Links広場2F
2024-12-22,HYBIID MUSIC SPACE vol.1,OSAKA Ruido
2024-12-23,リリイベ,ヨドバシカメラマルチメディア梅田Links広場2F
2024-12-24,シンデレラ裁判　Xmas eve SP,心斎橋VARON
2024-12-24,Buzzer01&.presents.,梅田BANGBOO
2024-12-26,シンデレラ裁判　Xmas SP 8組,十三GABU
2024-12-28,風神雷神　年末編,心斎橋CLAPPER
2024-12-28,CLAPPER presents.Thank You 2024,心斎橋CLAPPER
2024-12-29,推し事.LiveDX～推し事ライブ年末祭day2～,GRAFFY HALL
2024-12-30,RideMISOKA FEST2024,神戸harbor studio
2024-12-31,リリイベ,ヨドバシカメラマルチメディア梅田B2F
2024-12-31,chemical reaction　年末SP,心斎橋VARON
2025-01-03,chemical reaction　年始SP,心斎橋VARON
2025-01-03,Shiuk birthday Party 2025 in OSAKA,心斎橋VARON
2025-01-04,風神雷神 年始SP,福島２nd line
2025-01-04,PassAge Point in OSAKA Vol.7,心斎橋CLAPPER
2025-01-05,風神雷神 年始SP Vol2,福島2nd line
2025-01-05,リリイベ,,ヨドバシカメラマルチメディア梅田B2F
2025-01-07,旋風ﾉ國 - 謹賀新年 名古屋編 -,名古屋RADHALL
2025-01-09,｢RAiSE 無銭 REVOLUTiON｣,西九条BLANDNEW
2025-01-10,DA VAMP vol51~NEW YEAR SP~,浅草 VAMPKIN
2025-01-11,DAIDOL vol.123,新宿ANTIKNOCK
2025-01-11,KEMONO FES 3 -新春特番!!-,新宿science
2025-01-12,「メルマるアイドルパーティ」,HOLIDAY
2025-01-12,Shiuk birthday Party 2025 in TOKYO,新宿HEIST
2025-01-13,WEEKEND INFINITY 脱却 25 KAIYU,Flowers LOFT
2025-01-13,FUKUIN -福音-,渋谷スターラウンジ
2025-01-15,Synchro Sensation Vol.2,心斎橋VARON
2025-01-18,REIKA BIRTHDAY PRE FESTIVAL,ESAKA MUSE
2025-01-18,SPRISE Pre. NEO TRIP - MOON-,BANGBOO
2025-01-19,「棘とおどろ west vol.4」Day,梅田BANGBOO
2025-01-19,パルフェシュクレムプレジール - 新春SP -,心斎橋SUNHALL
2025-01-21,浮世茶会,大阪梅田BANGBOO
2025-01-22,chemical reaction Vol.39,心斎橋VARON
2025-01-25,ドグマエッジ,池袋WIKE
2025-01-25,リリイベ,ららぽーと柏の葉
2025-01-26,深海の雨音 vol.26,新高円寺LOFTX
2025-01-26,｢道玄坂69 濡田まな 生誕公演｣,五反田G7
2025-01-27,長嶺心咲生誕祭,心斎橋VARON
2025-01-29,chemical reaction Vol.40,心斎橋VARON
2025-02-01,Aile Matsuri,心斎橋CLAPPER
2025-02-01,マネキン春のパン祭り,SOUNDNOTE OSAKA
2025-02-02,アイドル好きで何がわるい,CDC BOX
2025-02-02,SPRISE Pre. Thirty's,FANJ twice
2025-02-04,Synchro Sensation Vol.3,心斎橋VARON
2025-02-08,PIEN presents,CLAPPER
2025-02-08,GEM JAM FES！,FANJ twice
2025-02-09,MAD CIRCUS,CLUB CIRCUS
2025-02-09,アイドル好きで何がわるい,CDC BOX
2025-02-13,風神雷神 バレンタイン編,心斎橋VARON
2025-02-15,AIMING,#G8 ナンバーゲート
2025-02-16,husky ちくわ復活祭,心斎橋SUN HALL
2025-02-16,為虎傅翼ーイコフヨクー　復活BAND編,心斎橋SUN HALL
2025-02-18,chemical reaction Vol.41,心斎橋VARON
2025-02-22,雨のちハレルトイイネッ‼mini！,新宿WALLY
2025-02-22,リリイベ,渋谷タワーレコード9F
2025-02-23,AKIARIM 5th ANNIVERSARY GIGMOST EMOTION GIGS,渋谷CLUB QUATTRO
2025-02-24,少女博覧会 -現体制LAST LIVE-,難波Mele
2025-02-26,Synchro Sensation Vol.4,心斎橋VARON
2025-03-01,ENVY PARANOID pre,心斎橋CLAPPER
2025-03-02,ヒミツの混☆乱☆大廻転,Pollux Theater
2025-03-02,Village in Maier 3rd Anniversary,心斎橋VARON
2025-03-03,風神雷神 桃の節句編,心斎橋VARON
2025-03-07,FREEEEEESTYLE!!! 〜TAKA BIRTHDAY SPECIAL〜,amHALL
2025-03-08,NAMBA解放区 -EATS MUSIC16周年第六夜-,難波Mele
2025-03-08,IDOORLOVES -SPRING CIRCUIT-,心斎橋ANIMA
2025-03-10,iDOL-fusion -EATS MUSIC16周年第八夜-,難波Mele
2025-03-11,chemical reaction Vol.42,心斎橋VARON
2025-03-14,frecia ALBUM RELEASE TOUR in OSAKA-2,#G8ナンバーゲート
2025-03-15,Friends&Family-大阪編-,心斎橋DROP
2025-03-15,AdFicTioN Pre. Friends&Family-大阪編-,心斎橋DROP
2025-03-16,AdFicTioN Pre. Friends&Family-大阪編-,心斎橋DROP
2025-03-16,miniちかっぱ祭ver.19.0inOSAKA,クリエイティブセンター大阪
2025-03-18,Synchro Sensation Vol.5,心斎橋VARON
2025-03-21,Section U.G Presents VOLTAGE LEGION,DROP
2025-03-22,あきばのともだち ひる,TwinBoxAKIHABARA
2025-03-22,あきばのともだち  よる,TwinBoxAKIHABARA
2025-03-23,PassAge Point in TOKYO Vol.2,下北沢 ろくでもない夜
2025-03-23,PassAge Point in TOKYO Vol.3 収録LIVE,SPARK JOY
2025-03-27,husky confront the grow up Vol.5,心斎橋VARON
2025-03-29,キグルイフェス 2025,アメリカ村DROP
2025-03-29,MAD CIRCUS,CLUB CIRCUS
2025-03-30,MAD CIRCUS,CLUB CIRCUS
2025-03-30,AIMING CIRCUIT,DROP
2025-04-05,北条みなみ生誕祭 & 卒業公演,NAGOYA ReNY limited
2025-04-06,ピットアウトあいどる祭。略してPIS #10,住之江公園花と緑のステージ
2025-04-08,chemical reaction Vol.43,心斎橋VARON
2025-04-10,虎の威を狩る狐ー妖狐繚乱×huskyー,心斎橋VARON
2025-04-13,acro-A S4716release tour in OSAKA,アメリカ村BEYOND
2025-04-13,AIMING,FANJ twice
2025-04-15,Synchro Sensation Vol.6,心斎橋VARON
2025-04-17,きゃりーぱーりー〜4th Anniversary前夜祭〜,十三GABU
2025-04-20,二刀流系アイドルFortuness,梅田Zeela
2025-04-21,ABUSOP Pre. NUMBER ZERO,FANJ twice
2025-04-23,husky confront the grow up Vol.6,心斎橋VARON
2025-04-25,スプフェ!!! -完全無料の宴-,服部緑地野外音楽堂
2025-04-26,WEEKEND WEEKEND,MOSAiC
2025-04-26,ドグマエッジ,池袋SOUNDPEACE
2025-04-27,emo emo WEEKEND,Spotify O-NEST
2025-04-27,遊撃少女,代官山SpaceODD
2025-04-28,Section U.G Presents 『VOLTAGE LEGION』,アメリカ村 BEYOND
2025-04-29,Section U.G presents 『Red Death Chocolate Rampage2』-アメリカ村 BEYOND 7th ANNIVERSARY-,アメリカ村 BEYOND / DROP
2025-04-30,chemical reaction Vol.44,心斎橋VARON
2025-05-03,AFTER DARK FEST,心斎橋SUNHALL
2025-05-04,風神雷神 ゴールデンSP,福島２nd line
2025-05-05,chemical reaction　ゴールデンSP,福島２nd line
2025-05-05,三日月の円舞曲 宮乃生誕2025-対バン編-,アメ村BEYOND
2025-05-06,ココなった！Debut Live,心斎橋AtlantiQs
2025-05-08,Synchro Sensation Vol.7,心斎橋VARON
2025-05-10,MAWA LOOP OSAKA 2025 10th Anniversary,アメ村DROP
2025-05-11,『ARTSOUND presents　War Declaration ＠ 豊橋2days』,GRAND SPACE QUARK
2025-05-13,chemical reaction Vol.45,心斎橋VARON
2025-05-16,LIVE A LIVE,渋谷Milky Way
2025-05-17,BUCCHIGIRI,目黒鹿鳴館
2025-05-17,Awesome New Idol Live,池袋ハレブタイ
2025-05-18,miniTIF vol.107,白金高輪SELENE b2
2025-05-20,Synchro Sensation Vol.8,心斎橋VARON
2025-05-21,nanotono+,難波Mele
2025-05-22,きゃりーぱーりー,福島2nd LINE
2025-05-24,ネクストカルチャーズサーキット,SHIBUYA DESEO&DESEO mini
2025-05-25,Killer Tune SHIBUYA 2025 Vol.61,SHIBUYA CYCLONE / GARRET udagawa
2025-05-25,遊撃少女,代官山SpaceODD
2025-05-28,chemical reaction Vol.46,心斎橋VARON
2025-05-29,すまいる0円ᵕ̈*vol.8 -祝1周年-,ナンバーゲート
2025-05-30,白黒アリスpre 奴隷姫,FANJ Twice
2025-05-31,mistFES2025,Zephyr HALL & RADHALL
2025-06-01,GOLD RUSH,心斎橋 SUN HALL
2025-06-02,All Good Dolls,心斎橋VARON
2025-06-04,chemical reaction Vol.46,心斎橋VARON
2025-06-07,神薙ラビッツ主催-千客万来-,246ライブハウスGABU
2025-06-08,MASH UP!,#G8 ナンバーゲート
2025-06-08,IDO-LIVE!!,GORILLA HALL OSAKA
2025-06-10,chemical reaction Vol.47,心斎橋VARON
2025-06-12,TOKYOてふてふ 東名阪対バン Killer Phase Tour,心斎橋CLAPPER
2025-06-13,Section U.G Presents VOLTAGE LEGION,アメ村DROP
2025-06-14,2東京激ロックDJパーティー,渋谷THE GAME
2025-06-14,MiMiNOKOROCK FES JAPAN in 吉祥寺 2025,planet K
2025-06-15,ファミメ！pre.『Operation iD』,渋谷FOWS
2025-06-15,エキセントリックトーキョー,duo MUSIC EXCHANGE
2025-06-16,モブトーク番外編〜鈴木の好きな人を集めました〜,Good Rack
2025-06-17,Synchro Sensation Vol.9,心斎橋VARON
2025-06-18,PIEN presentsPassAge Point in OSAKAVol.9,梅田BANGBOO
2025-06-19,浮世茶会- ぱーティーREMIX -,FANJ Twice
2025-06-21,KiLLiNG ME Vol.32,Shinjuku HEIST
2025-06-21,屋根裏 vol.31,新高円寺LOFTX
2025-06-22,B.L.U.E,西川口Hearts
2025-06-22,「解放区-KOSAKU-」,チェルシーホテル
2025-06-24,chemical reaction Vol.49,心斎橋VARON
2025-06-25,｢兴高采烈」,京橋クンフーキック
2025-06-27,HYBIID MUSIC SPACE vol.2,心斎橋KuRaGe
2025-06-28,ABSOP pre. SAVIOURS,心斎橋VARON
2025-06-29,GEM JAM FES！,#G8 ナンバーゲート
2025-06-30,TRY CROSS IDOL Fes,心斎橋VARON
2025-07-01,風神雷神　夏の陣,心斎橋VARON
2025-07-03,IDO-LIVE!!,Music Club JANUS
2025-07-06,AIMING,FANJ twice
2025-07-06,AIMIAおのせりちゃん。生誕公演,FANJ twice
2025-07-08,chemical reaction Vol.50,心斎橋VARON
2025-07-12,OSAKA BANANA GIRLS Day.1,BANANA HALL
2025-07-12,MADEMOISELLE,ナンバーゲート
2025-07-13,OSAKA BANANA GIRLS Day.2,BANANA HALL
2025-07-13,ABSOP pre.UNBRACE,CDC BOX
2025-07-14,日ノ目企画presentsMONDAYDRIVE,京都ROKA
2025-07-16,chemical reaction Vol.51,心斎橋VARON
2025-07-18,狐軍奮闘 第二弾,梅田Zeela
2025-07-19,O-VER-KiLL全国主催TOURAWAKENiNG,京都ROKA
2025-07-19,,ARROWナンバHIPS
2025-07-20,FREEEEEEESTYLE!!! 〜SPECIAL SUMMER fes〜,心斎橋SUNHALL
2025-07-20,GEM JAM FES！,#G8ナンバーゲート
2025-07-22,日南こなつ生誕祭〜ココから始まるちゃんこな伝説〜,心斎橋AtlantiQs
2025-07-23,Synchro Sensation Vol.10,心斎橋VARON
2025-07-25,アイドル好きで何がわるい presents. 「そろそろまつり!」,#G8 ナンバーゲート
2025-07-26,「SAKURATRIP」,渋谷音楽堂
2025-07-27,アイドルわくくんDAYO!,下北沢Flowers Loft
2025-07-27,ドグマエッジ,代官山SpaceODD
2025-07-29,chemical reaction Vol.52,心斎橋VARON
2025-08-01,為虎傅翼ーイコフヨクー husky 祝7周年,心斎橋VARON
2025-08-02,魔訶狼煙,名古屋 RAD HALL
2025-08-03,はちみつの日SPライブ!!,cluib RAGZA
2025-08-05,chemical reaction Vol.53,心斎橋VARON
2025-08-09,Section U.G Presents VOLTAGE LEGION,アメリカ村DROP
2025-08-10,MythTale,十三GABU
2025-08-10,UZMK PRESENTS,アメリカ村DROP
2025-08-11,ABSOP pre. NUMBER ZERO,心斎橋VARON
2025-08-11,OSAKA BANANA GIRLS,BANANA HALL
2025-08-13,PIEN present PassAge Point in OSAKA Vol.11 -アメリカ村 DROP 22th ANNIVERSARY-,アメリカ村DROP
2025-08-13,レゼル祭り,心斎橋Drop
2025-08-14,2025年8月14日(木),GORILLA HALL OSAKA
2025-08-16,rock field ULTRA LIVE in 上野 SUMMER,上野恩賜公園野外ステージ
2025-08-16,ドグマエッジ,池袋 SOUND PEACE
2025-08-17,のどか生誕祭2025 in TOKYO,新宿HEIST
2025-08-17,NEW AGE TOUR 2025 TOKYO,SHIBUYA CLUB QUATTRO
2025-08-19,Synchro Sensation Vol.11,心斎橋VARON
2025-08-20,狐軍奮闘第三段 夏祭り特別編滝汗,心斎橋VARON
2025-08-23,NEW AGE TOUR 2025 OSAKA,BIG CAT
2025-08-23,WEEKEND WEEKEND OSAKA SPECIAL,CONPASS
2025-08-24,SOUNDRIVE vol.42,セカンドクラッチ
2025-08-28,のどか生誕祭,心斎橋VARON
2025-08-30,︎︎AIMING︎︎︎,#G8 ナンバーゲート
2025-08-30,おちゃメンタル☆パーティー/husky/ふぁんたす！ 3MAN LIVE,CDCBOX
2025-08-31,茉莉のお祭りわっしょい 茉莉生誕祭2025,福島2nd Line
2025-09-02,chemical reaction Vol.54,心斎橋VARON
2025-09-03,husky ／ 新章 大阪☆春夏秋冬 ／ 神薙-時うさぎ-　3manインストア,ヨドバシカメラ マルチメディア梅田 1階 阪急側イベントスペース
2025-09-06,為虎傅翼ーイコフヨクー　東京公演,新宿HEIST
2025-09-06,屋根裏 vol.36,新高円寺LOFTX
2025-09-06,GirlS-IntegratioN-0906-,目黒鹿鳴館
2025-09-07,INFINITY LIVE presents,四谷LOUTS
2025-09-07,VILLAINS HOUSE定期公演HORROR HOUSEVol.15,aube shibuya
2025-09-09,設定６革命　ソロ目の日,心斎橋VARON
2025-09-11,AFTER DARK,OSAKA MUSE
2025-09-12,No.*Day扇園セネカ生誕祭,西九条BRANDNEW
2025-09-13,ミラーシュカpresents『歪ナル昼餐会 』-Waltz for a Half Year-,アメリカ村BEYOND
2025-09-13,川西愛菜生誕祭 -2025-,アメリカ村 DROP
2025-09-14,AIMING︎,FANJ twice
2025-09-14,GANGDEMIC pre.BANDANIZE PRIDE Final Season - HANG OUT TRIBE -  大阪編,アメ村DROP
2025-09-15,OSAKA BANANA GIRLS,BANANA HALL
2025-09-15,carol pixie -pink-,Umeda Zeela
2025-09-17,日ノ目企画presentsWEDNESDAYDIVE,京都ROKA
2025-09-19,Section U.G Presents VOLTAGE LEGION vol.5,アメ村BEYOND
2025-09-20,アイドル好きで何がわるい,am HALL
2025-09-20,EXEEEEED-OSAKA-,アメリカ村DROP
2025-09-21,アルカTOUR激奏コネクト-大阪-主催イベント,西九条BLAND NEW
2025-09-23,発狂交響曲第∞番ケミカルトリップエクスタシーナイトフィーバーオーバードーズ頭蓋骨爆裂★祝☆出産逆行★,ナンバーゲート
2025-09-24,COzMICぱれーど定期公演　ガールズグループ対バン編,心斎橋角座
2025-09-25,Synchro Sensation Vol.12,心斎橋VARON
2025-09-26,MUSIC QUEST,Yogibo META VALLEY
2025-09-27,日ノ目企画presents,京都ROKA
2025-09-30,chemical reaction Vol.55,心斎橋VARON
2025-10-04,GOTHAMCIRCUS TOURNAGOYA,Nagoya LIVE HOUSE CIRCUS
2025-10-05,神風雷鳴-Divine Storm-,十三GABU
2025-10-08,青春は1枚のチェキから,江坂MUSE
2025-10-10,えいほい祭〜沖田彩華30th Birthday〜,アメリカ村DROP
2025-10-11,KNOCK OUT MONKEY presents「猿爆祭2025」,KOBE 108
2025-10-12,-BURNING SAD MAN- vol.1,GORILLA HALL
2025-10-13,蜂蜜★皇帝10周年記念対バン!!! in OSAKA,LIVE SQUARE 2nd LINE
2025-10-13,~蜂蜜★皇帝10周年記念企画~,LIVE SQUARE 2nd LINE
2025-10-16,sync-sens 雫生誕祭,心斎橋VARON
2025-10-18,mini PEF~mini POPPiNG EMO FESTiVAL~Part.7~,池袋リヴォイス
2025-10-18,Killer Tune SHIBUYA 2025 SP LIVE,SHIBUYA CYCLONE
2025-10-19,東京mist しおん BIRTHDAY LIVE 1部,shibuya THE GAME
2025-10-19,ちくわ・びゃくや・そら　生誕祭　東京編,新高円寺LOFTX
2025-10-22,Diamond Polishers,梅田BANGBOO
2025-10-23,ちくわ・びゃくや・そら　生誕祭　大阪編,心斎橋VARON
2025-10-25,IDO-LIVE!!HALLOWEEN,Music Club JANUS
2025-10-28,紅炎ノ誓〜妖狐繚乱  紅葉まろ生誕祭〜,心斎橋VARON
2025-10-30,-CØCØRIZE MV Premiere LIVE-,心斎橋CLAPPER
2025-10-31,GORILLAZUN 2025,GORILLA HALL OSAKA
2025-11-02,SAKURA JOURNEY,PLUSWIN HALL
2025-11-03,MON LADY,アメリカ村BEYOND
2025-11-03,milachka presentsClubVechel,アメリカ村BEYOND
2025-11-05,CHOOSE FUN,MUSIC FARM
2025-11-06,chemical reaction Vol.56,心斎橋VARON
2025-11-08,深海の雨音 vol.44,新高円寺LOFTX
2025-11-08,アイクル2025本祭,下北沢サーキット
2025-11-09,icontinew東名阪ツアー2025,高田馬場CLUB PHASE
2025-11-11,設定６革命　ソロ目の日,心斎橋VARON
2025-11-11,MOON RABBiTS　東名阪ツアー2025　ROAD to PROMiSE,Yogibo HOLY MOUNTAIN
2025-11-12,husky ／ CRYZ ／ Krown Krown　3manインストア,ヨドバシカメラ マルチメディア梅田 1階 阪急側イベントスペース
2025-11-15,OWLscroll レーベル主催東名阪ツアーOWL's Outings,アメリカ村DROP
2025-11-16,ID COMPASS,YEBISU YA PRO
2025-11-18,NEVER FADE Vol.8,梅田ライブスペース ODYSSEY
2025-11-19,Synchro Sensation Vol.13,心斎橋VARON
2025-11-23,VS LIVE,福岡Pocket
2025-11-24,FROM06,ハイブリッジ劇場
2025-11-27,ハッピーアワー酒場生誕祭編〜この日はとりあえずしゅかで〜,心斎橋VARON
2025-11-29,ART SOUND presents SOUND GARDEN 2025,DEEP
2025-11-30,エキセントリックトーキョー,代官山SpaceODD
2025-11-30,Kotono Birthday Live -Happy Nyan Day-,Shibuya Star lounge
2025-12-02,蜂蜜★皇帝3rdアルバム｢ハチノス 2025｣ レコ発 東名阪ツアー 大阪公演,心斎橋VARON
2025-12-06,「おちゃメンタル☆パーティー 山川さくら誕生祭2025～さくらの至幸４マン～」,CDCBOX
2025-12-07,HAPPY DREAMING #ハピドリ vol.2,Yogibo HOLY MOUNTAIN
2025-12-07,IDOORLOVES,心斎橋ANIMA
2025-12-10,｢猫生誕祭｣,心斎橋VARON
2025-12-13,GOLD RUSH,阿倍野ロックタウン
2025-12-13,戦国アニマル極楽浄土×ミリオン! Million Heaven Tokyo,アメリカ村DROP
2025-12-15,SCRUM 2025 THE BEST,BIG CAT
2025-12-16,husky ／ sync-sens ／ ディノゾール　3manインストア,ヨドバシカメラ マルチメディア梅田 2F Links広場
2025-12-17,chemical reaction Vol.57,心斎橋VARON
2025-12-20,ニューハシャゲ,下北沢ADRIFT
2025-12-21,無銭大好きマン,池袋 SOUND PEACE
2025-12-21,「ネクストカルチャーズ -クリスマス直前編🎄-」,DESEO mini
2025-12-22,Synch Mob Presents VOLTAGE LEGION,DROP
2025-12-24,「おちゃめなクリスマスパーティーナイト」,BananaHall
2025-12-25,Synchro Sensation Vol.14,心斎橋VARON
2025-12-27,INFINITY LIVE presents,大阪MUSE
2025-12-28,レゼル祭り　年末SP,心斎橋CLAPPER
2025-12-28,Ovalcore present Lunar Bash,心斎橋CLAPPER
2025-12-30,風神雷神　年末SP,心斎橋Drop
2025-12-30,PIEN PRESENTS PASSAGE POINT IN OSAKA VOL.16,アメ村DROP
2025-12-31,chemical reaction 年末SP,心斎橋VARON
2025-12-31,のどか卒業公演,心斎橋VARON
2026-01-03,2026 shiuk birth day live,心斎橋VARON
2026-01-03,ディノゾール　冬子・REX生誕祭,心斎橋VARON
2026-01-04,レゼル祭り　年始SP,心斎橋CLAPPER
2026-01-04,PIEN presents  OSAKAお正月!,心斎橋CLAPPER
2026-01-06,FaveZone in ヨドバシ梅田,ヨドバシカメラ マルチメディア梅田 2階 Links広場
2026-01-10,風神雷神　成人SP,2nd LINE⏰①開場：10:30開演：11:00
2026-01-11,N.G.D,The Voodoo lounge
2026-01-11,H.N.D Vol.1,The Voodoo Lounge
2026-01-12,N.G.D,The Voodoo lounge
2026-01-12,BUTABA-LIVE,ハイブリッジ劇場
2026-01-14,Misaki Birthday Live 2026,2ndLINE
2026-01-15,chemical reaction Vol.58,心斎橋VARON
2026-01-17,夢乃なつみ生誕祭〜きみと青春2025〜,岐阜CLUB-G
2026-01-18,電光石火　2026,2nd LINE
2026-01-18,IDO-LIVE!!,Music Club JANUS
2026-01-20,ENCLOSURE,アメ村DROP
2026-01-21,Synchro Sensation Vol.15,心斎橋VARON
2026-01-23,日ノ目企画presents,京都ROKA
2026-01-24,BLUESATURDAY,アメリカ村BEYOND
2026-01-24,AbstractColorful,アメリカ村BEYOND
2026-01-25,NANONI pre, 闘争本能 EX Round  -Osaka-,Yogibo HOLY MOUNTAIN
2026-01-27,chemical reaction Vol.59,心斎橋VARON
2026-01-30,AdFicTioN CHIHIRO生誕LIVEStaying With You,新宿club SCIENCE
2026-01-31,為虎傅翼ーイコフヨクー　東京公演,新宿HEIST
2026-01-31,Re:Birth,池袋SOUND PEACE
2026-02-01,レゼルカフェ,学園喫茶ゆいがどくそん！
2026-02-03,風神雷神・節分編,心斎橋VARON
2026-02-05,ESAKA MUSE×新章 大阪☆春夏秋冬BAND×IDOL -FUSION-,ESAKA MUSE
2026-02-07,ULTRIZE tour 2026,金沢REDSUN
2026-02-09,IDO-LIVE!!,Music Club JANUS
2026-02-10,PIEN presents,アメ村DROP
2026-02-11,UMEDA✖STORM,PICCADILLY PREMIUM
2026-02-11,KITAZ BLAZE,LIVESPACE ODYSSEY
2026-02-12,日ノ目企画presents THURSDAYTRIP,京都ROKA
2026-02-14,夢幻泡影,渋谷CHELSEA HOTEL
2026-02-14,ギャルイベ,池袋 SOUND PEACE
2026-02-14,MIX JAPAN VALENTINE  DAZO ！,新宿NINESPICES
2026-02-15,あきばのともだち ひる,TwnBoxAKIHABARA
2026-02-15,ドグマエッジ,池袋 SOUND PEACE
2026-02-16,Synchro Sensation Vol.16,心斎橋VARON
2026-02-18,FaveZone in ヨドバシ梅田,ヨドバシカメラ梅田イベントスペース1F
2026-02-21,姫宮龍華 生誕祭 2026,SIX ONE
2026-02-22,暇な三人で撮影会,Atelier du Anne
2026-02-23,IDO-LIVE!!,Music Club JANUS
2026-02-23,アイドル好きで何がわるい,OSAKA MUSE
2026-02-24,Synch Mob Presents VOLTAGE LEGION ,アメ村DROP
2026-02-25,chemical reaction Vol.60,心斎橋VARON
2026-02-28,YAVAMiX,SENDAI MusicSpace BARTAKE
2026-02-28,電脳仙女,buzz R studio
2026-03-01,センシティブ集会仙台,live studio RIPPLE
2026-03-03,SCLIVE,FANJ twice
2026-03-04,為虎傅翼ーイコフヨクー  龍虎の変,心斎橋VARON
2026-03-07,ドグマエッジ,池袋SOUNDPEACE
2026-03-07,屋根裏 vol.46,新高円寺LOFTX
2026-03-08,UNITED vol.09,HOLIDAY SHINJUKU
2026-03-08,スペシャル にゃんまっち,TwinBoxAKIHABARA
2026-03-09,終幕双響,下北沢シャングリラ
2026-03-12,為虎傅翼ーイコフヨクー　龍虎の変,心斎橋VARON
2026-03-14,AFTER DARK,心斎橋 SUNHALL
2026-03-15,NOIR SONIC 2026,浜松市ギャラリーモール　ソラモ
2026-03-16,chemical reaction Vol.61,心斎橋VARON
2026-03-18,アイドル好きで何がわるい,ナンバーゲート
2026-03-20,mini PEF~mini POPPiNG EMO,大塚Hearts Next
2026-03-20,秋葉原と制服そしてアイドル,TwinboxGARAGE
2026-03-21,ネクストカルチャーズTwinboxサーキット,Twinbox AKIHABRA
2026-03-22,IDO-LIVE!!,Music Club JANUS
2026-03-25,Lumi Prima デビューライブshine bright,梅田amHALL
2026-03-26,下谷あゆ卒業公演〜対バン編〜,Takara Osaka
2026-03-27,浮世茶会,FANJ Twice
2026-03-28,miniちかっぱ祭ver.28.0 inOSAKA,クリエイティブセンター大阪（CCO）
2026-03-28,GEM JAM FES！,FANJ twice
2026-03-29,マギマギpresents,心斎橋SOMA
2026-03-29,miniちかっぱ祭ver.28.0 inOSAKA,クリエイティブセンター大阪（CCO）
2026-03-30,sync-sens 末莉 · husky ちくわﾁｬﾝﾃﾞｽ,secret base
2026-04-01,為虎傅翼ーイコフヨクー　龍虎の変,心斎橋VARON
2026-04-02,フリフリ★ドロップ -FREE FREE DROP-,アメ村DROP
2026-04-04,LUPINUS ROCK FESTIVAL 2026,渋谷FOWS
2026-04-04,屋根裏 vol.48,新高円寺LOFTX
2026-04-05,OWLscroll circuit LIVE,SHIBUYA THE GAME
2026-04-07,為虎傅翼ーイコフヨクー　龍虎の変,心斎橋VARON
2026-04-08,Synchro Sensation Vol.17,Sound Note OSAKA
2026-04-09,きゃりーぱーりー,福島2nd LINE
2026-04-11,AFTER DARK,心斎橋SUNHALL
2026-04-11,日ノ目企画presents,京都ROKA
2026-04-12,IDO-LIVE!!,Music Club JANUS
2026-04-12,Kick ass GIG,アメリカ村DROP
2026-04-13,SynchMob &PIEN presents VOLTAGE LEGION,アメ村DROP
2026-04-14,chemical reaction Vol.62,心斎橋VARON
2026-04-15,PIEN presents VOl.91 -SPARKLE WAVE- 500YEN SPARK SESSION –,アメリカ村DROP
2026-04-16,「狐軍奮闘」第九弾,アメ村BEYOND
2026-04-18,Lobe is the air,アメリカ村BEYOND
2026-04-18,SCLIVE,アメリカ村 DROP
2026-04-19,レゼル 撮影会2026,KOMINKA SOU
2026-04-24,TAKE YOUR HEART,Live House ANIMA
2026-04-25,推し活すっきゃねんふぇす,梅田amHALL
2026-04-25,｢大阪造船所アイドルフェス｣,CCOクリエイティブセンター
2026-04-26,ROCKING DOGS,アメリカ村BEYOND
2026-04-27,感灯終唱~ｶﾝﾄｳｼｭｳｼｮｳ~,心斎橋BIGCAT
